{"cameraMode":{"drawMode":0,"name":"Shaded","section":"Shading Mode"},"sceneLighting":false,"audioPlay":false,"sceneViewState":{"showFog":false,"showMaterialUpdate":false,"showSkybox":false,"showFlares":true,"showImageEffects":true,"showParticleSystems":true},"in2DMode":false,"pivot":{"x":-1.8999919891357422,"y":0.0005555152893066406,"z":-24.950002670288087},"rotation":{"x":0.0016081267967820168,"y":-0.9973024725914002,"z":0.06982395797967911,"w":0.023053795099258424},"size":121.28114318847656,"orthographic":true}