{"cameraMode":{"drawMode":0,"name":"Shaded","section":"Shading Mode"},"sceneLighting":true,"audioPlay":false,"sceneViewState":{"showFog":false,"showMaterialUpdate":false,"showSkybox":true,"showFlares":true,"showImageEffects":true,"showParticleSystems":true},"in2DMode":false,"pivot":{"x":73.00697326660156,"y":-3.1296215057373049,"z":-2.7062466144561769},"rotation":{"x":-0.09430453926324845,"y":-0.6798220276832581,"z":0.08880513906478882,"w":-0.7218713164329529},"size":88.3219985961914,"orthographic":true}